{"accuracy": [0.8741250038146973, 0.9584583044052124, 0.969083309173584, 0.9743333458900452, 0.9788333177566528, 0.9812708497047424, 0.9824166893959045, 0.9847916960716248, 0.9858541488647461, 0.9874791502952576, 0.9870416522026062, 0.9882500171661377, 0.9888333082199097, 0.9898541569709778, 0.9909583330154419, 0.9907916784286499, 0.9916458129882812, 0.9915833473205566, 0.9923750162124634, 0.9922500252723694, 0.9924583435058594, 0.9928749799728394, 0.9932916760444641, 0.9941874742507935, 0.9938333630561829, 0.9941250085830688, 0.9941041469573975, 0.9943333268165588, 0.9948541522026062, 0.9946041703224182, 0.9947708249092102, 0.9945833086967468, 0.9951666593551636, 0.9956458210945129, 0.995479166507721, 0.9962083101272583, 0.9958750009536743, 0.9956874847412109, 0.9961875081062317, 0.9958333373069763, 0.9961458444595337, 0.9966041445732117, 0.996999979019165, 0.9965416789054871, 0.9965000152587891, 0.9961875081062317, 0.996666669845581, 0.996749997138977, 0.9968125224113464, 0.9969375133514404], "loss": [0.41114792227745056, 0.14296306669712067, 0.10588262975215912, 0.08361765742301941, 0.07125724107027054, 0.06291159242391586, 0.05540427565574646, 0.05002846196293831, 0.04805319383740425, 0.04131516069173813, 0.04017091542482376, 0.03659398481249809, 0.03590311110019684, 0.03321460634469986, 0.030162574723362923, 0.029845217242836952, 0.02702520787715912, 0.026376405730843544, 0.025581588968634605, 0.023479919880628586, 0.02381005324423313, 0.021883664652705193, 0.021057359874248505, 0.01958494633436203, 0.019216755405068398, 0.020045503973960876, 0.017894502729177475, 0.01859704591333866, 0.01618950627744198, 0.017492813989520073, 0.015518173575401306, 0.015563443303108215, 0.013797958381474018, 0.0138194989413023, 0.013632472604513168, 0.01243206299841404, 0.012152904644608498, 0.013412527740001678, 0.011697035282850266, 0.012375403195619583, 0.011486519128084183, 0.010575784370303154, 0.009452075697481632, 0.011254626326262951, 0.010132905095815659, 0.010942712426185608, 0.009352855384349823, 0.009269745089113712, 0.009404665790498257, 0.009153751656413078], "precision": [0.9361979365348816, 0.9674443006515503, 0.9751745462417603, 0.978535532951355, 0.9825647473335266, 0.9842571020126343, 0.9852346777915955, 0.9871548414230347, 0.987884521484375, 0.9895227551460266, 0.9889397621154785, 0.9900739789009094, 0.9902843832969666, 0.9911633729934692, 0.9921057820320129, 0.9918779134750366, 0.9924444556236267, 0.992651641368866, 0.9932785034179688, 0.9932162761688232, 0.9934677481651306, 0.9937798976898193, 0.993970513343811, 0.9947221279144287, 0.9946792721748352, 0.994845986366272, 0.9947019219398499, 0.9948891401290894, 0.9954947233200073, 0.9950992465019226, 0.9954319000244141, 0.9950160384178162, 0.9955387711524963, 0.996038556098938, 0.995871901512146, 0.996435821056366, 0.9961647391319275, 0.9960179328918457, 0.9964977502822876, 0.9960810542106628, 0.996414303779602, 0.9968526363372803, 0.9972900748252869, 0.9968108534812927, 0.9968313574790955, 0.9964562654495239, 0.9969154596328735, 0.9969570636749268, 0.9971442222595215, 0.9971237778663635], "recall": [0.8229374885559082, 0.9503124952316284, 0.9632083177566528, 0.9697083234786987, 0.9756458401679993, 0.9781875014305115, 0.9800416827201843, 0.9830416440963745, 0.9835625290870667, 0.9857708215713501, 0.9854166507720947, 0.9870625138282776, 0.987416684627533, 0.9884583353996277, 0.9896875023841858, 0.9896875023841858, 0.9906250238418579, 0.9906250238418579, 0.9913333058357239, 0.9913333058357239, 0.9917291402816772, 0.991895854473114, 0.9925416707992554, 0.9933958053588867, 0.9931458234786987, 0.9932708144187927, 0.9934999942779541, 0.9935833215713501, 0.9943333268165588, 0.9941041469573975, 0.9942083358764648, 0.9940624833106995, 0.9948958158493042, 0.9952499866485596, 0.9951249957084656, 0.9959583282470703, 0.9956666827201843, 0.9952916502952576, 0.9958541393280029, 0.9955000281333923, 0.9957500100135803, 0.9963750243186951, 0.996708333492279, 0.9962916374206543, 0.9962083101272583, 0.9958750009536743, 0.9965208172798157, 0.9965416789054871, 0.9965833425521851, 0.996708333492279], "top_k_categorical_accuracy": [0.9629583358764648, 0.9940833449363708, 0.9962499737739563, 0.9973958134651184, 0.9979583621025085, 0.9983749985694885, 0.9987499713897705, 0.9989374876022339, 0.9989583492279053, 0.9991250038146973, 0.9991250038146973, 0.9992083311080933, 0.9993749856948853, 0.9995208382606506, 0.9994375109672546, 0.9995416402816772, 0.9995416402816772, 0.999625027179718, 0.999625027179718, 0.999708354473114, 0.9994999766349792, 0.9997291564941406, 0.999625027179718, 0.9998124837875366, 0.999708354473114, 0.999750018119812, 0.99979168176651, 0.9997291564941406, 0.999875009059906, 0.9998958110809326, 0.999875009059906, 0.999833345413208, 0.999958336353302, 0.999875009059906, 0.9999791383743286, 0.9998958110809326, 0.999916672706604, 0.9998958110809326, 0.9999791383743286, 0.999833345413208, 0.9999374747276306, 0.999958336353302, 0.9999791383743286, 0.999958336353302, 0.9999374747276306, 0.999958336353302, 0.9999374747276306, 0.9998541474342346, 0.9999374747276306, 0.999958336353302], "val_accuracy": [0.9668333530426025, 0.9780833125114441, 0.9834166765213013, 0.9851666688919067, 0.9858333468437195, 0.9889166951179504, 0.9881666898727417, 0.9890000224113464, 0.9879999756813049, 0.9909166693687439, 0.9897500276565552, 0.9903333187103271, 0.9899166822433472, 0.9900000095367432, 0.9904166460037231, 0.9902499914169312, 0.9904999732971191, 0.9898333549499512, 0.9909166693687439, 0.9903333187103271, 0.9909166693687439, 0.9905833601951599, 0.9909999966621399, 0.9908333420753479, 0.9913333058357239, 0.9910833239555359, 0.9916666746139526, 0.9916666746139526, 0.9912499785423279, 0.9914166927337646, 0.9919999837875366, 0.9919166564941406, 0.9919999837875366, 0.9917500019073486, 0.9915000200271606, 0.9917500019073486, 0.9915000200271606, 0.9916666746139526, 0.9913333058357239, 0.9916666746139526, 0.9924166798591614, 0.9923333525657654, 0.9907500147819519, 0.9920833110809326, 0.9916666746139526, 0.9914166927337646, 0.9915000200271606, 0.9912499785423279, 0.9925000071525574, 0.9920833110809326], "val_loss": [0.10880876332521439, 0.07453236728906631, 0.059566836804151535, 0.051626890897750854, 0.04729803651571274, 0.041983071714639664, 0.04309329390525818, 0.041464921087026596, 0.03954479098320007, 0.034837476909160614, 0.037408556789159775, 0.03565823286771774, 0.03514261171221733, 0.03692883625626564, 0.036466870456933975, 0.03542317822575569, 0.03437298908829689, 0.037329573184251785, 0.034868963062763214, 0.036682914942502975, 0.03593311458826065, 0.0341656431555748, 0.0338483564555645, 0.033223602920770645, 0.03299695998430252, 0.03335307911038399, 0.03369922935962677, 0.03544362261891365, 0.03595617413520813, 0.03325171768665314, 0.033943723887205124, 0.034248948097229004, 0.03510000929236412, 0.035596780478954315, 0.0367233045399189, 0.035528041422367096, 0.03787072375416756, 0.03581872582435608, 0.03599819540977478, 0.03693888708949089, 0.03406468406319618, 0.03583807870745659, 0.04059220850467682, 0.03570128232240677, 0.036663323640823364, 0.035959936678409576, 0.03912961110472679, 0.040738243609666824, 0.03769022971391678, 0.03631153702735901],